Suburb,Center
Mornington,Mornington
Mouth Martha,Mornington
Mount Eliza,Mornington
Saftey Beach,Mornington
Dromana,Mornington
Hastings,Mornington
Frankston South,Mornington
Moorooduc,Mornington
Narre Warren North,Narre Warren
Narre Warren,Narre Warren
Narre Warren South,Narre Warren
Berwick,Narre Warren
Hampton Park,Narre Warren
Lynbrook,Narre Warren
Lynhurst,Narre Warren
Cranbourne North,Narre Warren
Clyde North,Narre Warren
beaconsfield,Narre Warren
Officer,Narre Warren
Cranbourne,Narre Warren
Cranbourne West,Narre Warren
Cranbourne East,Narre Warren
Hallam,Narre Warren
St Kilda,St Kilda East
St Kilda East,St Kilda East
Armadale,St Kilda East
Malvern,St Kilda East
Cauflied North,St Kilda East
Elwood,St Kilda East
Elsternwick,St Kilda East
Cauflied South,St Kilda East
Toorak,St Kilda East
South Yarra,St Kilda East
Port Melourne,St Kilda East
Balaclava,St Kilda East
Wantirna,Wantirna
Wantirna South,Wantirna
Knoxfield,Wantirna
Heathmont,Wantirna
Vermont,Wantirna
Forrest Hill,Wantirna
Vermont South,Wantirna
Dunlop,Macgregor
Charnwood,Macgregor
Macgregor,Macgregor
Holt,Macgregor
Higgins,Macgregor
Hawker,Macgregor
Page,Macgregor
Florey,Macgregor
Latham,Macgregor
Fraser,Macgregor
Spence,Macgregor
Evatt,Macgregor
Mckellar,Macgregor
Belconnen,Macgregor
Weetangera,Macgregor
Macquarie,Macgregor
Cook,Macgregor
Aranda,Macgregor
Bruce,Macgregor
Grace,Macgregor
Giralang,Macgregor
Casey,Macgregor
Nicholls,Macgregor
Kaleen,Macgregor
Giralang,Macgregor
Ngunnawal,Macgregor
Amaroo,Macgregor
Jerrabomberra,Majura Park
Karabar,Majura Park
Crestwood,Majura Park
Hackett,Majura Park
Dickson,Majura Park
O'Connor,Majura Park
Turner,Majura Park
Ainslie,Majura Park
Braddon,Majura Park
Campbell,Majura Park
Queanbeyan,Majura Park
Queanbeyan west,Majura Park
Queambeyan West,Majura Park
Griffith,Majura Park
Narrabundah,Majura Park
Kingston,Majura Park
Reid,Majura Park
